,Entity,Meningitis,Neoplasms,Fire heat and hot substances,Malaria,Drowning,Interpersonal violence,HIV/AIDS,Drug use disorders,Tuberculosis,Road injuries,Maternal disorders,Lower respiratory infections,Neonatal disorders,Alcohol use disorders,Exposure to forces of nature,Diarrheal diseases,Environmental heat and cold exposure,Nutritional deficiencies,Self-harm,Conflict and terrorism,Diabetes mellitus,Poisonings,Protein-energy malnutrition,Terrorism,Cardiovascular diseases,Chronic kidney disease,Chronic respiratory diseases,Cirrhosis and other chronic liver diseases,Digestive diseases,Acute hepatitis,Alzheimer's disease and other dementias,Parkinson's disease
0,Afghanistan,78665,469611,13559,13924,56535,108228,4282,7094,147637,208332,129621,822179,697534,3256,16770,245832,2187,71453,37054,280520,93207,14531,70163,39193,1607042,134676,209857,98419,186959,98108,41998,13397
1,Africa,5559509,13633297,803923,21686225,945160,2178223,29106962,75298,13777914,6359218,2980827,25228868,25075847,176794,34977,26224276,165448,5322341,1893844,1575617,4240427,613852,5145422,0,36704118,3630423,5707716,6347525,9900886,696194,1639248,423800
2,African Region,5325372,11094707,659574,21462693,801804,2056987,28888674,53177,13028578,4839529,2740727,23007935,22661167,163833,27010,24485553,152369,4940860,1651040,1402850,3602991,555599,4778254,0,24875081,2779058,4564405,4578870,7763233,525500,1252189,318566
3,African Union,5559509,13633297,803923,21686225,945160,2178223,29106962,75298,13777914,6359218,2980827,25228868,25075847,176794,34977,26224276,165448,5322341,1893844,1575617,4240427,613852,5145422,0,36704118,3630423,5707716,6347525,9900886,696194,1639248,423800
4,Albania,1323,102577,637,0,2397,5242,57,634,593,8522,247,26402,15568,458,89,677,164,569,4586,2145,4054,500,526,42,270603,7637,22632,8717,14907,44,16551,4491
5,Algeria,15686,469379,27628,70,24273,16702,6101,10612,18089,369395,29475,179379,395714,2748,4032,34410,1041,7138,44965,30947,89035,12338,6406,11066,2123720,154666,168453,91927,146527,10492,86914,22943
6,America,373427,37028759,339652,115109,749351,4750433,1900734,889613,869275,4743433,347883,8205620,4717859,901419,327612,1888482,68442,1213665,2416468,66804,6453025,116299,1115956,0,53597825,5874889,9789196,4837394,9086564,36733,6170340,1280530
7,American Samoa,30,1474,0,0,120,101,16,0,30,164,30,328,246,20,41,89,26,60,100,10,970,0,60,0,2851,512,612,181,341,0,143,69
8,Andean Latin America,23752,1326179,22548,14059,66447,122131,95239,6405,235977,302896,59319,880150,488921,31714,7162,154218,5056,129383,79007,9736,250972,11829,119225,0,1460683,361914,297073,304887,581045,3577,193467,50490
9,Andorra,0,5015,0,0,0,16,85,0,0,259,0,390,24,30,0,16,0,0,220,0,198,0,0,0,3526,292,839,283,561,30,614,137
10,Angola,110893,237225,15712,317069,34337,20795,244358,1190,473636,241350,61545,564508,554921,4289,742,810148,3520,235181,40895,54203,73366,14021,229862,2195,525047,49080,101847,119381,190974,14431,17703,4486
11,Antigua and Barbuda,40,3004,60,0,120,119,257,8,11,187,0,779,253,138,39,62,0,87,65,1,1329,8,85,0,5264,694,246,302,566,0,428,117
12,Argentina,17548,2113666,20991,123,24301,72506,48615,1535,30389,172081,12521,697414,173947,27147,425,23155,1567,44066,127809,773,278201,8654,41934,125,2836128,357513,463952,201480,422715,1732,261721,68276
13,Armenia,423,154102,2944,6,4519,5249,264,225,3830,10213,377,18722,14572,2592,13,3403,4172,817,6308,357,34565,1183,324,37,388635,7571,35416,24100,38666,154,15714,3739
14,Asia,4380260,120202612,1780212,3541139,7647117,4001307,4525097,1088331,30077757,21670793,4338688,43201703,45495854,1415790,1093531,37745803,699400,7018224,14585344,1495767,16292763,1356335,5581639,0,235691961,15740935,78420413,20478364,35099961,3004875,13391609,3561496
15,Australasia,2658,1470378,4835,0,8606,11592,6736,25275,3225,71873,696,109056,23472,14473,546,5194,1456,4130,94058,55,117559,1667,3152,0,1769839,111553,308813,57725,171961,331,251568,56319
16,Australasia & Oceania,0,0,0,0,0,0,0,0,0,0,0,0,0,0,0,0,0,0,0,0,0,0,0,94,0,0,0,0,0,0,0,0
17,Australia,1975,1222858,4013,0,6818,9659,6067,23866,2554,57136,497,87541,19243,13171,259,3949,1272,3777,78158,55,100027,1417,2899,16,1441279,94106,251004,50556,146403,288,210624,48085
18,Austria,1151,624487,1553,0,2406,2334,2005,4841,2251,24587,113,34195,5440,11262,336,1495,923,238,46764,30,59349,822,40,9,1031672,56142,85450,60850,105037,98,101351,23665
19,Azerbaijan,4272,263680,14460,32,13279,19861,1152,833,30739,24840,1611,146930,82492,6620,208,17970,4232,2151,9604,5883,44142,2991,1653,258,1026714,29145,57915,78288,102820,1385,25190,7147
20,Bahamas,123,11673,297,0,714,2437,4845,43,242,1750,109,2208,1071,378,107,147,30,170,278,15,3202,36,144,1,18249,2087,1053,1401,2655,9,1167,323
21,Bahrain,113,13174,371,0,384,697,274,59,360,4618,167,1594,2052,116,0,263,17,109,1897,58,9552,58,103,44,25731,2804,3538,2411,3968,106,1014,331
22,Bangladesh,94565,2064155,47594,349375,711802,112401,4434,6583,1441613,249894,314015,2062672,2772388,7907,155003,1579876,4791,702268,260847,3456,597943,15411,599025,933,6123691,282841,1750541,768520,1250266,166599,227497,75527
23,Barbados,134,17932,146,0,348,903,1188,24,70,952,58,3911,885,173,3,171,0,255,398,10,7606,20,175,3,23478,2496,1451,1123,2710,9,2385,597
24,Belarus,2989,631189,24666,0,37908,33747,7361,8320,17232,60793,614,40752,12194,77811,43,814,27053,1775,100504,104,17118,17426,912,14,2310287,12560,131458,61627,118136,775,83681,16259
25,Belgium,1691,921997,4191,0,2770,5780,2996,4941,3692,41391,232,152118,7635,11944,44,15117,1402,7089,68836,165,52810,1637,6141,51,1037826,62771,209375,59178,153724,257,138986,30009
26,Belize,101,5367,107,5,606,1935,1842,21,418,1784,114,2590,2127,175,64,443,0,393,525,54,2757,60,361,3,9582,1791,1324,1151,1902,11,855,205
27,Benin,69978,101713,7791,316834,11517,16162,80892,260,79509,45197,34853,271088,321322,1401,122,196720,1751,44748,14955,31,29925,5654,43399,0,246509,33309,44796,46718,79638,6282,13465,3805
28,Bermuda,10,4156,0,0,72,63,314,33,0,258,0,418,64,30,6,11,0,7,94,0,615,5,0,0,5384,391,400,233,516,0,562,170
29,Bhutan,1565,9634,272,4241,935,282,615,39,5631,2102,1433,8369,15910,158,263,6418,50,867,1120,13,2596,91,665,9,25967,2879,12813,4355,7442,651,1319,451
30,Bolivia,8475,273812,6173,787,17931,17062,18229,1092,80073,58489,20557,224508,155501,8816,1173,45190,669,39396,17950,25,69124,2843,36918,23,336227,78087,76607,68986,131927,961,24922,9852
31,Bosnia and Herzegovina,478,237661,2000,0,2063,3972,91,219,6806,7110,178,12429,7523,5464,41,351,297,117,12940,27414,45187,1887,47,0,500781,15439,37217,20590,38172,161,22273,7552
32,Bosnia-Herzegovina,0,0,0,0,0,0,0,0,0,0,0,0,0,0,0,0,0,0,0,0,0,0,0,79,0,0,0,0,0,0,0,0
33,Botswana,3835,42180,2748,662,2608,9718,263306,173,29548,15000,2068,39769,27934,666,35,24860,576,5394,10560,8,20695,1091,5265,6,81565,8749,18118,10592,20318,325,2887,807
34,Brazil,136709,5606778,59983,39970,250078,1762966,447733,15696,223259,1352192,72806,1997167,1667293,225603,6817,528837,3038,333626,345404,598,1315755,7754,312031,133,9589019,820932,1743233,927028,1776565,8977,924942,171324
35,Brunei,56,9522,133,0,507,168,99,83,560,1849,75,1429,727,31,3,67,27,30,487,0,3592,40,12,0,10988,1354,2274,669,1308,97,401,218
36,Bulgaria,2152,555720,4586,0,7408,9627,1830,1664,7060,33528,565,80507,9563,5238,83,933,4375,314,47203,50,74257,2897,129,26,2423467,44226,99884,77343,125903,254,69091,24665
37,Burkina Faso,175973,187817,15183,950762,19688,37008,333447,870,178470,102398,46191,613248,451659,2993,156,553690,2958,140980,30023,1383,58917,13499,135194,133,441451,55275,60148,77027,142102,8774,25070,6916
38,Burundi,45933,118648,7316,320767,9904,2595,312891,291,259427,46865,39660,212757,244032,1844,235,278912,2161,92461,19662,163935,34307,6953,89397,4205,262614,24401,62574,47719,81242,5160,9765,2688
39,Cambodia,16138,278331,7357,13505,42415,14445,104487,801,258403,82216,32001,507250,205088,3476,1685,120610,134,50348,20553,4858,68902,2619,47177,528,610359,46626,108599,189074,293928,8616,29730,7467
40,Cameroon,96161,263938,13303,614095,16677,18472,743351,1280,202989,139475,82600,482863,446827,3772,192,718881,3131,42368,44504,7133,97869,9994,40188,2347,546358,97328,101447,99702,168672,16362,26747,9292
41,Canada,3089,2112700,9910,0,9602,16095,17171,37251,4676,92479,768,214127,31372,30411,366,29015,3968,8996,133442,185,195320,4193,7291,16,2213352,145149,402093,123127,288628,402,317320,82441
42,Cape Verde,865,12638,409,14,947,2135,2985,19,2485,1111,388,7217,5153,84,12,3818,50,774,1851,0,2177,79,699,0,21425,1911,2803,2489,4005,215,2245,419
43,Caribbean,63181,1507970,29485,34867,71751,212375,454028,7445,80222,197966,58402,533792,369918,32212,244454,269680,5632,75043,129233,1796,442298,9260,71479,0,2910458,247083,313106,218073,407156,5157,222375,49455
44,Central African Republic,31409,63736,4625,134707,9175,11668,279310,279,226165,72709,25629,178957,154874,1460,24,233317,1214,38999,15116,14808,23653,4131,37846,1987,166727,15374,39544,27344,53671,4039,3534,1235
45,Central America & Caribbean,0,0,0,0,0,0,0,0,0,0,0,0,0,0,0,0,0,0,0,0,0,0,0,1764,0,0,0,0,0,0,0,0
46,Central Asia,53069,2229913,97229,5054,184717,174879,31935,24678,298503,355228,21925,1144158,649061,117777,3678,176292,65761,15442,317307,37944,347542,49304,6367,1000,9138835,250390,652676,775206,1006994,26519,229044,61562
47,Central Europe,25200,9022569,61610,0,112844,105137,19551,23651,130234,509776,5808,860857,179873,224083,1266,20914,48959,9170,651691,53477,690273,48451,6503,0,20618628,466509,1269175,1086190,1858889,2567,1027316,252483
48,"Central Europe, Eastern Europe, and Central Asia",163180,24864700,621200,5054,960858,1755703,597177,369130,1148861,2343174,47986,3464938,1171255,1967098,8492,231086,862076,51008,3404743,141338,1551351,509507,25652,0,81254554,1135615,4344863,3814330,6397153,37205,2777437,679496
49,Central Latin America,81787,4613690,56689,27246,194006,1933899,318509,23834,232422,1173535,114371,1467292,1501880,230398,66866,669627,7338,471027,358362,41211,1897090,32745,425524,0,7256972,1832160,1469331,1431860,2370677,11028,853816,169865
50,Central sub-Saharan Africa,457830,1174329,66866,3132618,133365,115727,1795726,5619,2364145,1143026,378837,2571176,2288197,21317,2198,2888963,14620,721824,197245,201804,383693,58788,701012,0,2924837,271722,662269,521329,886683,69754,109129,26435
51,Chad,116529,123767,10891,195599,15683,21365,137491,247,196181,55181,69912,515058,381761,1858,272,762160,2962,124953,20414,11663,35722,8304,122237,1119,307518,39464,66005,62157,114101,14871,15577,4519
52,Chile,5138,683226,11909,0,14523,25098,12669,1104,18268,69879,2107,145744,29297,13931,1362,9474,1451,13622,62462,44,76500,1520,12987,44,722163,91120,131062,126817,200149,230,83528,24452
53,China,480898,61060528,383401,13419,2873619,776275,433709,626914,2708461,8350399,243257,8525819,4353667,485796,138961,886833,198582,584236,5078550,3043,3468554,770140,507664,988,100505973,4195276,36676826,4918899,8924906,318564,5381846,1533092
54,Colombia,21865,1042371,8913,22275,40400,709555,62414,2890,34691,224805,18788,214456,276396,2895,5882,61359,608,49530,71521,33084,161138,3442,47593,8393,1626208,174281,346961,92316,252124,749,206135,33628
55,Commonwealth,5676380,39951558,1263969,15218848,3404377,3227853,23338115,349402,26028744,8831208,4357016,35476392,43422148,781998,413698,44261790,447645,6268242,7729708,910100,9494361,539719,5003420,0,93608431,7949038,34374576,11279125,20574796,2414075,4427573,1470908
56,Commonwealth High Income,19058,9070907,32477,0,33715,56255,52028,124116,27620,302883,4032,1655456,130353,85342,1513,72684,11383,20051,421975,2086,591816,12268,15075,0,11048160,468245,2054157,444096,1335810,1706,1370559,327610
57,Commonwealth Low Income,908059,4240967,155753,4533973,841236,392691,10252217,14763,4193667,901192,771973,5928508,6989072,38390,163745,4948811,30677,1831929,553488,592646,1203998,114831,1694103,0,10232110,719888,2480682,1644886,2715328,275282,453727,126747
58,Commonwealth Middle Income,4749263,26639683,1075740,10684880,2529428,2778910,13033866,210524,21807455,7627131,3581011,27892430,36302729,658268,248439,39240298,405589,4416263,6754246,315367,7698546,412625,3294242,0,72328165,6760903,29839737,9190148,16523656,2137086,2603286,1016548
59,Comoros,2652,11620,447,7616,516,1457,19,34,10967,3669,1231,17561,18235,120,15,14204,131,3555,961,57,3494,352,3395,1,25908,2587,4369,3741,7092,331,1576,361
60,Congo,11566,67957,2391,69947,3621,5894,191273,448,69715,39775,13664,64391,69747,1175,28,99614,573,11970,10310,16445,24062,1921,11329,182,157498,15135,26271,25051,40923,1218,5445,1623
61,Cook Islands,0,719,0,0,30,0,16,0,3,142,0,272,40,0,20,30,0,0,69,0,617,0,0,0,1392,136,212,60,121,0,85,34
62,Costa Rica,1259,116484,629,6,4516,10021,4522,437,2085,20799,710,14100,12095,1844,329,3355,55,649,8768,6,11021,270,569,5,141587,23033,28119,18467,34305,155,21818,3841
63,Cote d'Ivoire,102377,237470,14061,941597,18365,54438,1063120,838,233951,88588,72153,597568,738820,4412,196,356626,3589,43512,46755,5238,74322,10679,41656,268,508223,77632,90757,101618,167433,8102,20768,7400
64,Croatia,801,381548,1567,0,3119,3029,302,1914,4843,18995,128,26059,4701,7910,13,550,1041,91,28210,7911,30633,846,30,248,750842,21218,46442,45633,76052,45,43338,11258
65,Cuba,5586,608854,3595,0,9760,21050,5894,544,1809,47723,2235,161570,11746,10775,198,11071,308,2036,56887,231,54973,726,1576,8,1003002,50214,96289,44142,100145,412,90719,18381
66,Cyprus,132,45436,241,0,847,648,83,353,182,5123,33,4651,1339,221,5,378,169,155,1612,7,14523,61,124,5,83156,7538,12054,3550,8568,27,5533,2107
67,Czechia,1832,861957,2755,0,6929,5216,356,2434,2759,36858,205,82308,7875,10735,81,3658,3738,1553,54378,17,59397,3645,1301,6,1652941,32131,87543,67652,136883,173,103793,22202
68,Czechoslovakia,0,0,0,0,0,0,0,0,0,0,0,0,0,0,0,0,0,0,0,0,0,0,0,1,0,0,0,0,0,0,0,0
69,Democratic Republic of Congo,297783,762610,42838,2557219,84451,74449,1006324,3444,1563620,768797,272262,1724304,1468390,13783,1403,1713685,9015,429553,125010,116313,244784,37676,416177,4069,1989495,181244,481359,336156,579357,49423,77790,17822
70,Denmark,1746,505940,2611,0,1267,2031,1493,5936,1278,14209,85,63979,4304,19899,13,6968,426,2944,27358,30,37380,381,1308,4,579330,24236,121567,30387,83455,75,65642,13120
71,Djibouti,3562,12025,611,1997,765,2263,20009,41,12608,3367,3510,18660,20256,191,198,14047,205,10246,1357,693,3180,468,10015,259,20843,2229,2888,4038,6626,372,823,218
72,Dominica,39,4757,60,0,129,211,190,9,117,403,30,918,390,102,114,78,0,88,112,1,1714,51,73,0,7296,1034,609,327,753,1,586,156
73,Dominican Republic,10923,205434,4366,556,8182,44560,69144,667,23417,67010,6423,58854,130457,3018,1461,41343,279,17100,15690,16,53725,1298,16460,15,502583,42605,40480,58486,82139,991,34476,8007
74,East Asia,499800,63187589,400034,13498,2959090,820202,446728,643705,2858479,8740746,260583,9003187,4580784,502984,145323,906967,202422,1220514,5276334,3082,3830972,790062,1141023,1078,103729089,4452864,37675192,5252692,9469981,326538,5606731,1595571
75,East Asia & Pacific - World Bank region,1241457,90894107,645803,349256,4228961,1803496,1918710,747629,9601727,13035092,887917,18852879,9844776,697150,585811,5339871,278778,2266275,7538828,73126,8733516,962097,2053698,0,148557650,8682699,46368217,10861324,18368435,662519,10435069,2434528
76,East Germany (GDR),0,0,0,0,0,0,0,0,0,0,0,0,0,0,0,0,0,0,0,0,0,0,0,0,0,0,0,0,0,0,0,0
77,East Timor,0,0,0,0,0,0,0,0,0,0,0,0,0,0,0,0,0,0,0,0,0,0,0,9,0,0,0,0,0,0,0,0
78,Eastern Europe,84905,13612219,462356,0,663293,1475685,545691,320801,720126,1478175,20253,1459927,342322,1625242,3548,33881,747352,26395,2435749,49914,513537,411754,12788,7366,51497092,418717,2423015,1952939,3531274,8116,1521080,365453
79,Eastern Mediterranean Region,1173058,9354542,410357,608788,484004,779532,297629,158138,3371274,4083939,979043,6492082,13213867,76370,190431,5758195,35160,1010976,933455,1338548,2209409,206418,831499,0,30781313,2602994,4453748,3372423,4554800,622355,1092453,313836
80,Eastern sub-Saharan Africa,1787598,3945271,225365,5285795,274692,611701,13802822,15388,6066010,1234620,1061495,8029165,8647399,60242,15578,7913857,65368,2842544,586897,1029584,1161706,245734,2751125,0,7976372,853252,1522068,1816725,2936213,220355,385460,90718
81,Ecuador,6070,346265,5630,8009,18924,69274,20616,1278,36910,113398,8541,147588,111654,12216,2368,34512,309,29134,34405,100,92543,2357,26034,14,443431,124947,71754,79243,148698,617,49500,13047
82,Egypt,39101,1160639,42655,0,33681,11933,2784,1366,35759,796157,34917,954868,504806,3349,1572,498193,1735,30709,70778,7542,370494,5649,26381,3779,5995471,445949,543660,1422256,1583081,56882,146785,49206
83,El Salvador,2863,128602,1573,34,7347,103286,16995,247,5070,41754,3236,63650,40341,27028,2468,26523,111,9761,15566,2542,41716,455,9725,795,222985,74204,35418,35406,62337,171,33957,5985
84,England,9530,4268791,12713,0,8184,10862,9309,47103,12333,93911,1428,1039222,52038,28010,244,29753,4549,4069,135347,819,161729,4794,2417,0,5421118,136010,1066163,192279,680163,568,643800,151778
85,Equatorial Guinea,2641,10692,430,28215,795,1017,31440,57,11858,6645,2354,15830,18016,151,0,17376,96,3065,1548,24,3884,356,2956,2,21631,2535,4232,2923,5634,255,1079,272
86,Eritrea,25311,71735,4098,11952,4850,13945,71881,261,141081,25804,25142,142415,101109,1226,3,163152,1543,61745,12046,43236,20247,3733,59708,46,134500,13241,26717,32760,51659,3074,3818,1202
87,Estonia,400,110152,3900,0,3320,5077,696,2246,2217,6864,62,7613,1394,8353,5,74,3762,161,11445,12,4273,685,108,3,280754,5523,9039,8316,17962,21,14250,2989
88,Eswatini,2988,22999,1507,795,1602,6018,154247,100,23660,10616,1263,25060,17107,272,12,19732,347,3896,5601,4,14892,684,3832,1,37935,6335,9328,5129,9281,263,1179,363
89,Ethiopia,605256,936826,69309,453984,82079,198391,1788429,4363,1739099,304197,373719,2343265,2851756,17110,2336,2514592,23032,823168,169112,158564,322887,101065,789723,1389,1936154,251375,398489,556480,878455,61336,101811,24304
90,Europe,210672,58705058,677944,229,958130,1811249,810408,598193,1124214,3503747,59240,7093939,1560614,2319152,31535,374759,855440,234977,4807562,155789,4375720,514019,186307,0,121472433,3620661,10639971,5782112,11498979,46831,8527386,1905940
91,Europe & Central Asia - World Bank region,252955,60020793,747645,5234,1113222,1943991,840243,620385,1361673,3779378,76168,7990351,2049451,2415747,34512,519451,904417,246457,5076247,182979,4583561,552884,190533,0,127546069,3795763,11127795,6362980,12233650,69740,8657713,1941983
92,European Region,254403,60500743,749379,5234,1115549,1951035,841474,622435,1365541,3805483,76532,8033225,2067171,2418213,34597,526769,904983,247495,5097527,192030,4673583,553404,191297,0,128296565,3860870,11197587,6390630,12298295,69963,8719048,1959125
93,European Union,82856,40671925,181185,0,250471,239737,259518,258938,287819,1711140,13888,4782608,410231,678273,5825,251458,111930,176542,2185593,13228,3048782,82482,149062,0,60503132,2602149,7060547,3417299,7212530,11200,6329875,1392269
94,Fiji,621,16990,748,0,1855,1038,300,72,1341,2802,571,6430,5653,48,212,3356,30,603,2448,8,35664,76,597,8,62710,6447,12012,2174,4415,86,1457,922
95,Finland,786,356717,2595,0,4186,4021,354,7087,2816,12636,87,50628,2513,17229,17,1737,3059,284,35088,80,14615,429,97,11,695600,12630,48037,30255,70121,71,64640,14795
96,France,8975,5067099,24380,0,31279,21575,50258,34180,49505,217006,2301,577479,45344,104758,913,47914,16249,103810,388163,792,324244,6253,99271,344,4729313,273752,607771,357490,839800,754,882954,180197
97,French Guiana,0,0,0,0,0,0,0,0,0,0,0,0,0,0,0,0,0,0,0,0,0,0,0,0,0,0,0,0,0,0,0,0
98,French Polynesia,0,0,0,0,0,0,0,0,0,0,0,0,0,0,0,0,0,0,0,0,0,0,0,0,0,0,0,0,0,0,0,0
99,G20,3334483,181825033,2097456,2574965,6729638,7386914,9665051,2252031,24122351,23328740,3186923,42994014,32729808,3718049,529092,31820946,1348241,5635102,18394033,195341,20536279,1497014,4448391,0,325931580,19196738,84624041,23483540,43507429,2302997,23762265,5659933
100,Gabon,3545,32112,869,25464,989,1911,43018,197,19145,13750,3383,23189,22255,461,1,14826,202,3054,4367,12,13941,688,2845,4,64442,8347,9013,10477,16123,380,3578,997
101,Gambia,7947,19405,1069,38603,1220,322,22926,53,18036,5698,8200,35453,44246,278,75,23536,261,5784,2433,41,5805,807,5553,13,48140,5907,8642,7777,14261,567,2632,812
102,Georgia,1303,223706,6921,12,5815,6198,377,582,9292,23007,617,28699,25580,2080,158,1786,878,245,9228,4142,31656,1351,81,278,1018279,16025,34751,48012,62230,249,40266,8453
103,Germany,10086,7325650,20982,0,17698,24943,28390,43072,24383,211341,1488,603119,46185,180344,280,66744,5408,11627,377986,388,621574,3303,8354,84,10819770,616900,1117582,654268,1335653,2446,1114977,264727
104,Ghana,128260,362922,15216,721339,16423,23702,493463,999,319504,124479,40268,448883,535128,4633,491,370749,3421,100393,41731,334,117345,11060,96591,19,794129,91364,130727,157443,244322,9465,34950,9136
105,Greece,1291,902379,3716,0,10847,4084,1009,7160,4587,56044,158,99752,7981,1085,238,594,852,306,13763,105,34134,918,155,100,1453438,96773,127666,42974,95956,1145,123503,31404
106,Greenland,50,3844,89,0,150,231,85,47,122,106,0,346,259,319,2,30,60,13,1366,0,159,26,10,0,3419,147,829,229,635,0,153,77
107,Grenada,39,4397,68,0,212,166,206,25,31,327,30,1490,475,84,19,60,0,98,149,3,1856,17,86,0,7700,1025,524,466,950,7,478,118
108,Guadeloupe,0,0,0,0,0,0,0,0,0,0,0,0,0,0,0,0,0,0,0,0,0,0,0,1,0,0,0,0,0,0,0,0
109,Guam,46,4101,30,0,189,176,154,29,114,590,30,764,604,44,3,115,0,73,796,15,979,0,73,0,9418,936,1194,789,1023,0,587,192
110,Guatemala,8966,248339,5502,442,11727,161965,17114,3010,24579,50375,22395,316820,159183,46998,1863,153754,708,97606,25845,2658,104308,5073,91285,288,304449,89654,51045,111181,185491,341,28261,6875
111,Guinea,101125,202921,10740,362661,16168,20002,98415,312,142635,56337,61024,465928,359684,1918,39,289562,2488,85382,17788,1879,47968,7638,83345,212,363385,48969,76316,65990,108468,11236,22010,6613
112,Guinea-Bissau,13956,21933,1525,26595,2461,4143,29624,73,25865,13652,5811,43246,56058,346,8,56776,438,8301,3789,951,7328,1137,7976,17,52785,7372,10372,10860,18655,1749,1710,611
113,Guyana,353,18375,614,3420,1925,4718,6691,36,2557,4437,834,7884,10512,643,34,3448,114,2316,7177,63,13640,108,2036,33,63771,5593,2990,6511,10283,111,1730,570
114,Haiti,40890,227925,16152,28832,42062,77719,300695,716,45749,33503,44582,208656,156871,8097,231490,196771,4454,42414,22867,1029,97074,5693,41149,324,601708,48881,84435,50341,107579,3023,14787,5793
115,High SDI,130553,63002352,349207,995,540506,874822,709614,1109150,562683,3727625,50681,9436550,980514,910916,51051,562812,165859,353278,4283674,21699,5083809,124904,305450,0,79444153,5299798,12229131,4964062,10279687,26143,11072210,2129382
116,High-income,153419,72072209,365847,288,535187,945961,869030,1131596,528235,3690371,56171,10532266,1069090,909327,48906,607097,150346,427942,4449650,27395,5948674,114625,368719,0,88909010,6195727,14085769,5590045,11768488,26948,12758255,2478885
117,High-income Asia Pacific,20598,12879370,72907,162,229372,59694,9267,16640,264838,646186,5246,2938721,73925,55702,30049,86248,52751,48089,1215136,382,584434,25062,33263,0,11466591,1121836,1635883,1117323,1990759,9044,2931733,367527
118,High-income North America,43178,21022258,136713,0,124509,628481,545677,838110,42922,1452360,25978,2463147,461157,340495,11081,228647,44433,142060,1303721,12691,2226156,44471,128337,0,28655673,2163831,5352072,1637708,3316272,6253,3620152,743812
119,High-middle SDI,502523,65546768,838558,352691,1888947,2876333,1678522,609589,2797085,7141735,280902,8808740,4098289,2169856,103074,1230432,905668,502228,5818359,266665,5888412,755859,414512,0,139056861,5008759,20855254,7262545,12868610,205625,7871156,1899045
120,Honduras,4455,135345,1834,205,6785,100835,3735,1721,15393,29024,10356,35096,70799,7617,15648,58414,127,7735,5826,161,18770,1626,7123,110,270938,50046,68649,57558,120554,822,19534,6484
121,Hong Kong,0,0,0,0,0,0,0,0,0,0,0,0,0,0,0,0,0,0,0,0,0,0,0,4,0,0,0,0,0,0,0,0
122,Hungary,2864,1036094,6238,0,6453,7584,3572,1338,6947,42672,363,34060,13123,22920,69,3589,7387,797,86210,10,66143,2333,316,6,1938728,35355,155490,165435,254541,125,102429,22142
123,Iceland,55,16360,60,0,92,80,47,265,69,536,0,2767,210,195,76,81,30,38,1107,0,607,30,33,0,21405,645,2644,436,1622,0,2925,784
124,India,2008944,17762703,730580,2439244,2110438,1237163,2454374,168928,15820922,5346154,2292449,16419404,20911570,527112,114044,26243547,334967,3290568,5543395,74430,4781170,170119,2356221,16210,52994710,4556172,25232974,6294910,11804381,1672179,1707561,756832
125,Indonesia,337724,4672674,51790,74664,237902,81342,74981,12980,3197011,1325509,376966,1820769,2238128,16158,191692,2590656,3614,604467,223144,7489,1888549,27837,560546,1139,13587012,964478,2559457,2249388,3204786,231909,487566,145752
126,International,0,0,0,0,0,0,0,0,0,0,0,0,0,0,0,0,0,0,0,0,0,0,0,1,0,0,0,0,0,0,0,0
127,Iran,30821,1242461,85948,13013,57888,60299,12695,76171,29658,840360,13881,319755,782644,6288,75410,51705,1804,13985,133625,9208,213971,36491,12817,607,3867575,246305,359283,153354,252304,17350,212745,48549
128,Iraq,29604,421656,31626,86,33077,90384,1451,11566,42775,160444,18547,175662,454485,1178,169,70537,1041,10598,43690,336979,173840,4017,9766,78428,1655522,154225,81596,62335,88429,5952,63014,14484
129,Ireland,622,252493,1422,0,1768,1132,510,3979,1300,9708,81,54142,3418,2545,20,785,320,396,14753,16,13527,405,187,14,334089,15477,67265,9614,30682,34,32298,8110
130,Israel,1044,331189,1348,0,1526,5255,1186,1640,1423,19927,262,32778,10404,1862,49,5931,419,990,15597,8833,63661,243,743,1320,353386,54179,47848,18669,46616,177,48452,12292
131,Italy,6584,5173525,13888,0,13429,23540,47691,22033,17573,234289,851,291040,39400,9444,1801,13056,5468,13147,141185,70,568245,4406,8727,26,6614384,346993,797579,432732,827170,2162,929827,179066
132,Jamaica,1063,96446,625,0,473,13745,13671,133,462,4761,920,13597,18714,233,101,2131,38,2871,1910,86,53947,111,2658,19,151968,20966,16370,4894,13363,56,17775,3422
133,Japan,14329,10530448,52365,0,189041,28447,5140,12254,135757,327979,2698,2659196,32848,21092,27540,67308,43462,38101,861712,78,251165,12372,27908,45,9210437,966881,1231228,755502,1463405,6876,2638908,308326
134,Jordan,1982,82273,4429,0,3318,6502,400,252,1044,25603,3010,23329,49238,270,63,2338,105,429,4807,1084,35911,1680,367,119,201236,26307,16228,11054,19434,424,10111,2629
135,Kazakhstan,8919,648639,19527,0,43544,76206,7615,15442,85570,103782,3632,139520,77170,59494,210,17170,37574,3322,149638,416,49499,20586,2187,39,2232449,43437,224600,152588,228739,3038,55729,16206
136,Kenya,140063,409423,19466,303684,16553,96920,2583539,1496,452070,100798,106386,644983,584643,6408,1546,729360,5862,173201,65367,9319,116148,19489,167652,1898,798827,89063,163945,272978,428683,34762,51425,11205
137,Kiribati,455,2910,30,0,173,128,47,30,2087,537,283,1141,1706,11,0,1687,17,576,807,14,2987,52,565,0,8384,853,1903,732,1440,100,166,116
138,Kosovo,0,0,0,0,0,0,0,0,0,0,0,0,0,0,0,0,0,0,0,0,0,0,0,83,0,0,0,0,0,0,0,0
139,Kuwait,295,26502,746,0,664,1162,77,352,909,13449,126,9978,5793,172,3,160,57,23,2420,3853,7012,477,2,41,72602,6620,4027,3451,5651,55,6131,966
140,Kyrgyzstan,3249,113709,4570,12,12857,12968,3767,2153,19192,27667,2013,52290,52311,12578,600,9442,3722,564,19677,672,8541,3549,463,10,517869,15474,72407,55655,66466,1238,19434,3521
141,Laos,13813,112232,3451,5372,18731,21020,6315,388,110749,36049,18920,197088,154761,2226,377,87415,444,17326,13307,393,34098,1600,16271,25,309868,40767,76974,30997,66638,3835,9991,3093
142,Latin America & Caribbean - World Bank region,330907,16188219,204189,115109,626735,4148679,1375816,56230,827736,3309177,322250,5780977,4266478,566975,318956,1661783,24214,1074269,1123614,54168,4310931,72460,990029,0,25201777,3753716,4483430,3232318,5820870,30676,2589348,544380
143,Latvia,728,176973,6883,0,8473,8683,3032,1657,4161,16012,151,13047,2705,10957,10,155,6580,303,21098,9,9100,1722,94,2,544359,5191,15486,12609,30628,183,23112,5117
144,Lebanon,1274,151517,2618,0,1838,8275,1906,1860,1710,11511,789,22009,25063,363,48,2262,90,402,4292,4927,18508,970,339,1260,362108,25459,28211,13849,21986,4382,21842,4368
145,Lesotho,5587,50752,3124,0,2953,19200,322742,149,73453,21479,4597,58785,49732,808,49,60502,708,7257,16070,151,26695,1276,7057,1,105072,12162,33798,10825,23738,1036,4029,950
146,Liberia,23708,43827,2492,145813,3478,5602,49585,120,39624,12910,22162,85244,92620,688,14,142432,519,22781,5642,20518,13945,1868,21878,177,105814,14987,14733,24659,38910,3284,6384,1796
147,Libya,1691,98466,3789,0,3293,7862,1352,3106,2100,53596,1019,20293,35286,471,16,3715,126,497,7492,19696,14673,1708,425,2583,238179,24380,22354,15449,23870,1283,20235,3497
148,Lithuania,1042,241986,4251,0,11752,9714,1784,2803,9166,21637,137,16145,3315,17741,20,301,8876,190,42217,19,7278,4540,85,1,657865,6720,31808,25576,51246,73,32826,6271
149,Low SDI,4907585,11038508,638026,15895355,1197331,1579099,14724261,59556,13205810,4254313,3098725,23136325,26097767,193791,307102,26861339,196976,5432546,1688297,1738318,3098793,516813,5029008,0,27548660,2664549,8583844,4579356,8064288,984085,1089486,331362
150,Low-middle SDI,3315974,27816133,859121,5909612,3164620,3060631,10559477,286869,18652540,7549142,2950059,24320224,30049687,774151,531082,28471895,286515,5386807,5792567,382058,6862413,492254,4504578,0,72323769,6029772,28794931,9001497,16031952,1677730,3054557,1013880
151,Luxembourg,48,33867,95,0,97,212,132,439,79,1515,10,3365,278,664,2,310,30,158,2030,1,1831,35,145,0,41754,2471,5729,2780,5811,0,4564,1263
152,Macau,0,0,0,0,0,0,0,0,0,0,0,0,0,0,0,0,0,0,0,0,0,0,0,1,0,0,0,0,0,0,0,0
153,Madagascar,81655,230677,11570,202088,15133,11762,34991,849,344135,72953,75125,488612,386736,3324,2072,640290,3720,260158,33836,1343,59913,10727,252909,31,773591,42875,149271,105287,160000,6929,18593,4613
154,Malawi,107434,226599,10228,404288,14016,9141,1265348,716,274335,55753,39029,380042,393357,2825,953,413051,2441,113303,28814,92,58163,9510,109606,33,371555,41137,62075,99983,151852,12213,19156,4515
155,Malaysia,10204,570534,7393,1437,21733,16974,49843,2394,64779,178875,9805,336632,58843,4559,794,31782,371,5563,38809,123,90231,5518,5275,18,1194056,113850,183161,94730,202459,6003,64618,16274
156,Maldives,84,4030,141,0,689,182,12,27,766,554,382,859,3814,30,102,627,0,302,392,0,993,0,236,1,11462,1686,3024,660,1023,37,641,180
157,Mali,189707,191446,17049,711087,24627,37790,137382,318,174546,61404,80995,387730,747230,2067,124,579172,3140,304544,19059,32775,55390,13283,297954,1432,423975,56761,103596,85878,148239,15178,23893,6495
158,Malta,77,23644,64,0,137,171,73,171,43,674,18,4352,474,77,1,51,30,30,690,3,3133,30,17,3,39696,2328,3866,1187,3188,0,3887,1043
159,Marshall Islands,49,1125,30,0,183,120,56,0,264,311,60,666,505,27,0,279,0,61,341,0,696,0,57,0,3453,345,706,262,457,15,68,49
160,Martinique,0,0,0,0,0,0,0,0,0,0,0,0,0,0,0,0,0,0,0,0,0,0,0,0,0,0,0,0,0,0,0,0
161,Mauritania,10642,44018,1677,26053,1721,4872,1142,105,20347,25652,18876,64679,75578,438,76,85902,388,13719,3891,156,13766,1070,13156,39,95870,14862,14363,17690,29856,1105,6830,1790
162,Mauritius,324,30640,1076,0,1264,949,1273,253,464,5315,250,8047,5334,2024,31,967,22,383,3994,0,30978,78,358,0,94929,21994,13393,8917,12376,34,5838,1221
163,Mexico,24956,2134942,31896,218,93275,554972,147499,13282,113769,597434,42091,643772,734234,129387,4593,273613,5348,269731,158347,1333,1328965,18046,234786,677,3244514,1182693,771520,985079,1483060,7297,403107,87040
164,Micronesia (country),89,2691,47,0,385,270,454,30,500,702,123,1358,758,47,53,501,16,128,711,0,2292,30,124,0,8366,1146,1790,565,1017,18,198,127
165,Middle East & North Africa,203439,5609327,291267,159820,247033,268239,89654,138845,408528,3568528,217833,2550735,3842559,27062,85345,1301386,13272,165919,503291,932348,1343682,98978,151979,131064,21840586,1677138,1899776,2164167,2757904,148720,881174,227642
166,Middle SDI,1667936,62354760,918037,3184050,3510629,4377267,8692505,591020,10632485,13623644,1346702,18068183,15634448,770310,497822,9109011,233880,2117165,6131052,885323,10515452,711308,1778341,0,129368531,9908786,34142148,11671870,18394105,891251,6681496,1806145
167,Moldova,1571,182270,5067,0,9498,13192,4999,995,10983,20292,479,32555,9647,12646,69,959,6914,171,22504,1069,10389,7418,116,13,746997,5526,46607,101480,127944,280,25100,4861
168,Monaco,0,5775,0,0,30,0,28,0,38,70,0,651,10,0,0,0,0,0,164,0,108,6,0,0,5363,190,558,209,497,0,723,172
169,Mongolia,4336,120092,2728,0,5066,8807,179,386,14616,15241,2287,42949,30005,8973,281,7025,7291,691,16429,156,2817,4615,48,0,231046,11467,13996,34732,49936,1771,4504,1246
170,Montenegro,63,40553,392,0,385,832,59,32,188,2028,25,1940,1549,243,1,30,167,30,3568,3,3750,121,30,1,101092,3177,2170,1373,4156,0,4422,1231
171,Morocco,29170,543654,29598,0,17133,10907,17552,7718,168232,305148,38902,252563,400341,2745,1847,153225,3520,9729,76054,171,112749,8897,8554,80,2551096,182577,213543,105855,179607,15900,102231,24816
172,Mozambique,120771,266464,18141,817948,22265,33861,1541266,1804,602652,114554,52371,546528,734771,5046,2591,514639,4101,195650,46724,5574,93782,16546,188945,789,666919,58349,94550,66310,156332,17322,31970,6976
173,Myanmar,139348,1260516,12451,157143,155752,29794,268570,5264,866485,291092,63745,1153569,859667,13689,139932,706020,518,93900,74663,18252,520531,50299,85808,991,3522423,288985,1253201,530177,744192,17130,128601,35045
174,Namibia,3979,32146,2372,7383,2130,11562,156336,140,33474,15198,2863,42672,30359,649,264,27497,548,7408,6700,216,18855,847,7215,41,94038,8490,23323,8575,18726,309,4487,1150
175,Nauru,19,226,0,0,56,30,6,0,30,109,23,184,140,0,0,24,0,23,73,0,160,0,23,0,772,81,128,60,84,0,0,0
176,Nepal,37392,406878,5157,1643,62520,13560,34487,659,301406,66812,80001,502770,519032,5022,15571,355418,6599,108222,88624,14447,54405,17920,95262,1963,913752,85815,822694,188003,273247,26986,41405,13742
177,Netherlands,3731,1338631,3627,0,2954,5840,5168,3666,4343,34449,440,189718,13431,9705,43,7660,857,6074,57082,230,103768,530,4422,13,1334457,76627,263005,51593,174262,164,191095,42419
178,New Caledonia,0,0,0,0,0,0,0,0,0,0,0,0,0,0,0,0,0,0,0,0,0,0,0,0,0,0,0,0,0,0,0,0
179,New Zealand,682,247515,822,0,1788,1934,671,1411,678,14739,199,21517,4225,1301,287,1243,181,356,15896,0,17532,250,252,0,328560,17445,57809,7172,25560,41,40940,8236
180,Nicaragua,4238,86863,833,286,5214,12919,6618,255,7082,18379,2710,37149,41187,8106,4855,25264,87,8905,9281,329,34246,822,8855,149,168887,57195,27119,30148,45063,283,13636,4081
181,Niger,314819,125297,17060,693962,25082,36765,69439,242,173078,61895,78160,742507,525214,2000,488,1021934,2986,123982,18126,3353,37512,12042,121040,1300,329937,44573,74913,71448,134701,10238,14695,4065
182,Nigeria,1520376,1618730,110784,6422063,103723,306846,2216718,4897,1769390,487695,525566,5917528,5262229,28341,1899,7449328,26363,286858,190297,78908,541020,107604,270470,22674,4176488,464656,641714,995203,1716202,119860,241713,66545
183,Niue,0,90,0,0,0,0,0,0,0,0,0,30,1,0,1,0,0,0,0,0,80,0,0,0,263,30,45,9,30,0,12,0
184,Nordic Region,4674,1938496,10610,0,11219,11561,4134,28599,10028,53577,390,283298,14803,58051,308,27126,6611,7609,128164,224,127733,2609,4978,0,3003950,93662,348073,100809,290476,308,345987,72153
185,North Africa and Middle East,362448,8233229,364572,272920,393421,461169,167024,156001,666039,4186606,455333,4170902,6077719,36183,123995,2142501,18602,324404,654682,1334813,1905910,154161,301586,0,29115180,2271767,3005783,2532089,3394851,338991,1308106,315150
186,North America,43140,21022167,136629,0,124433,628309,545902,838082,42800,1452471,25980,2463172,460952,340200,11085,228632,44370,142056,1302424,12691,2226565,44456,128331,4228,28657081,2164033,5351546,1637680,3316084,6251,3620492,743896
187,North Korea,14250,978429,9595,81,59067,26585,9621,7973,106488,229844,16471,253159,210676,9524,2669,18000,3272,632056,88069,3,95880,12983,629389,3,2241454,102116,780804,132430,236073,7705,88087,26290
188,North Macedonia,387,128961,402,0,816,1850,56,282,2521,5615,92,6094,7102,847,37,1362,173,37,6355,215,23391,281,14,49,360839,8744,18904,8020,15477,36,9156,3887
189,Northern Ireland,352,124693,450,0,320,545,300,1238,392,3755,59,35761,2239,1435,5,811,153,129,5658,720,4193,197,81,0,162587,5081,31642,5988,19279,30,16731,4244
190,Northern Mariana Islands,0,1593,13,0,141,117,23,0,44,300,28,281,111,56,5,44,0,30,265,5,524,0,30,0,2340,450,421,367,505,0,90,45
191,Norway,878,345383,2059,0,2045,1289,773,7568,1738,9042,81,68615,2897,7758,140,6723,971,1402,18010,88,19988,571,1183,78,490252,17960,67974,10864,42226,60,65284,11827
192,OECD Countries,206679,79710371,435152,560,707504,1553685,977585,1165521,731794,4644963,108858,11336200,2329433,1208356,74590,916883,203120,680828,5006140,65481,7797478,167576,582261,0,104163658,7636864,15717329,7117055,14196254,58588,13909445,2700967
193,Oceania,24897,167806,18898,44397,17245,19944,70245,790,51986,62823,24398,209473,123962,2592,4143,108234,962,9989,17915,353,151496,4306,9842,0,505079,33334,197246,25085,49756,3829,13408,6993
194,Oman,562,28365,590,315,3524,628,1388,271,821,56856,737,11765,13415,175,154,1350,284,1572,2688,0,14973,667,113,0,132123,4154,6578,6390,8187,1334,3670,1297
195,Pakistan,752870,3633069,75442,213590,125812,344555,36968,17829,2309701,421970,503820,2429268,7753349,45501,88169,3187522,14001,452930,380916,67235,845343,67217,296019,23324,7745192,874990,2276479,1039240,1523030,293025,244109,92715
196,Palau,0,791,30,0,60,66,18,0,30,102,4,507,58,0,0,39,0,0,87,0,453,22,0,0,1519,274,439,92,151,0,45,30
197,Palestine,1854,52021,1283,0,1804,4906,223,107,936,10090,873,14718,47062,126,10,1447,50,421,2414,45957,20982,182,385,1342,148182,15772,11655,7711,11551,238,6514,1783
198,Panama,1564,79014,558,55,4465,14278,13521,321,6188,15935,1347,17881,13165,694,201,5690,39,4563,5252,51,21135,405,4247,35,118409,19391,18302,9991,19381,110,18634,3363
199,Papua New Guinea,21081,102728,16201,35997,8916,15262,64514,435,41706,47315,19822,165598,99287,1780,3062,85282,662,6283,5864,280,83157,3358,6194,66,293524,14072,150913,12946,28270,2680,7989,3980
200,Paraguay,3527,118740,1597,21,4751,21556,10234,209,7227,30291,4264,38303,37494,4506,166,11877,143,6825,8268,69,42714,441,6707,53,213030,30101,21518,14728,33720,87,24340,4019
201,Peru,9205,706096,10742,5267,29588,35797,56394,4034,118995,131011,30220,508053,221763,10689,3622,74514,4077,60855,26655,9611,89296,6631,56273,3854,681021,158880,148708,156657,300421,2001,119043,27585
202,Philippines,95694,1644163,27453,10584,148009,455790,110923,6722,863796,272369,60207,1387188,878090,30253,46891,407292,4602,124822,101766,24968,518565,6191,109742,6268,3724705,588006,778269,317621,674218,14500,200645,45992
203,Poland,7277,3062100,20375,0,37071,30348,3314,6337,33190,190943,1020,266728,49477,114388,241,3874,12988,2984,224860,42,188412,14333,2169,9,5233134,142563,343254,243505,500794,410,361248,76105
204,Portugal,2028,807152,5116,0,4219,7301,23564,1730,10734,60114,267,172376,8056,4609,133,3272,1191,3832,44312,11,116415,992,3018,2,1168117,87915,172346,80697,156107,357,117672,26758
205,Puerto Rico,593,170695,1113,0,1565,25511,20337,4600,1233,17447,322,37557,9194,5422,2400,1876,126,2549,9228,56,82187,600,2307,0,245108,41444,44738,31575,48552,188,38346,7318
206,Qatar,132,11008,638,0,752,377,101,99,227,12711,198,1251,2754,87,0,112,71,30,2105,6,5367,120,6,3,19305,2001,1128,2625,3285,43,525,268
207,Region of the Americas,373427,37028759,339652,115109,749351,4750433,1900734,889613,869275,4743433,347883,8205620,4717859,901419,327612,1888482,68442,1213665,2416468,66804,6453025,116299,1115956,0,53597825,5874889,9789196,4837394,9086564,36733,6170340,1280530
208,Romania,5396,1352953,16599,0,35349,20677,7929,5639,54183,100482,2361,206799,31980,33121,349,4395,11979,1841,79917,633,63448,18663,1511,1,4474916,69874,288147,329766,449027,968,168815,45802
209,Russia,60519,9079313,322573,0,423044,1215179,350679,259452,529853,1067226,15028,1113475,237923,1194672,3086,27964,573772,15905,1793855,39125,369649,298954,8167,4308,33903781,325433,1518195,1233608,2398456,3598,972305,236367
210,Rwanda,53384,148333,6723,198066,8955,11963,226568,351,209473,70689,36469,259524,209930,2729,458,308316,1687,75862,20200,528779,41385,6139,73568,3236,278336,28156,67750,66153,108697,6988,12204,2943
211,Saint Kitts and Nevis,34,2170,69,0,77,270,458,0,42,208,38,601,288,201,5,110,0,140,60,0,749,0,112,0,4546,601,264,275,557,0,222,87
212,Saint Lucia,75,5985,98,0,282,774,254,22,159,771,51,1195,886,180,27,164,0,182,322,8,2787,9,156,2,9576,1258,1211,723,1246,0,731,220
213,Saint Vincent and the Grenadines,67,4384,104,0,226,576,696,0,101,332,31,988,789,160,25,173,0,250,213,4,2447,3,226,0,8391,849,433,405,933,0,504,135
214,Samoa,94,3773,60,0,389,338,183,30,455,884,57,1816,748,53,191,359,30,131,722,0,2902,30,126,0,13383,1455,3118,786,1481,30,638,249
215,San Marino,0,2671,0,0,0,0,25,0,0,90,0,170,30,0,0,0,0,0,103,0,112,0,0,0,2309,80,229,191,314,0,384,53
216,Sao Tome and Principe,260,3103,17,2112,107,256,13,10,771,518,264,3704,1971,37,0,1598,0,518,88,0,332,37,496,0,6589,1144,2147,1401,1941,103,345,106
217,Saudi Arabia,6453,239941,16234,832,18507,7707,11106,3436,48535,403385,8367,108663,147215,1903,416,24024,244,3250,26827,1001,65129,5671,3133,603,982797,137413,93099,92019,119165,2156,35621,12674
218,Scotland,1111,509291,1680,0,1060,2014,1197,8902,1547,10981,196,98258,4686,6755,83,3081,591,513,21367,72,18113,646,317,0,646751,19391,122759,31560,86295,60,59042,13564
219,Senegal,71048,158631,7875,313661,9480,4163,66251,370,118329,44652,47597,239054,314856,1882,274,296554,1831,27936,24096,2352,50220,6364,26812,323,344242,53574,64657,56647,103064,3470,23104,6362
220,Serbia,1491,748460,3585,0,4994,11085,1761,1610,8575,33328,434,38458,23353,12618,110,881,2144,521,61881,15002,96477,1607,269,3,1871622,60218,116868,47483,123698,247,58299,19371
221,Serbia-Montenegro,0,0,0,0,0,0,0,0,0,0,0,0,0,0,0,0,0,0,0,0,0,0,0,3,0,0,0,0,0,0,0,0
222,Seychelles,120,3821,60,0,325,156,123,24,145,397,32,1676,324,26,8,160,0,66,228,0,502,23,61,0,6339,948,846,787,1280,17,446,142
223,Sierra Leone,65418,75543,6096,394491,9389,2659,63856,171,83713,33623,33292,261441,222640,989,1564,164175,1236,59264,9473,21270,22070,4730,57962,840,204496,23124,36038,32012,56378,6856,10416,2970
224,Singapore,363,142869,338,0,715,1346,1241,262,2585,6792,95,62407,1659,263,0,729,60,39,13921,5,9045,125,19,5,166595,12338,21242,6048,13231,30,20565,3843
225,Slovakia,868,355136,2082,0,4982,4768,127,952,1831,21269,154,60630,6883,5610,102,492,3807,224,24921,7,23084,1045,157,7,818968,20574,31495,49822,83804,76,43797,9216
226,Slovenia,279,158853,401,0,871,903,110,587,755,8427,42,18440,1178,4533,50,138,699,92,16660,28,12043,293,21,1,220690,5357,19120,20852,35478,30,24110,4564
227,Solomon Islands,670,12015,503,4811,2886,1078,561,80,1322,3694,1761,15041,4499,255,145,8630,82,993,3308,4,7852,389,984,4,48085,2807,8138,3028,4532,388,431,417
228,Somalia,104739,159580,13471,120767,19779,54614,83076,374,468031,73067,68768,546989,439572,2876,3180,504287,5191,255788,26119,51392,51124,13081,250235,10242,366002,36974,84506,78108,123721,26232,8593,2520
229,South Africa,79896,1360234,71251,6151,59316,681957,4874296,7414,789786,638445,56369,983661,674828,17782,876,600313,15128,94315,248248,3788,609364,20737,91068,1997,2234693,278319,556636,186085,390351,4701,141842,29281
230,South America,0,0,0,0,0,0,0,0,0,0,0,0,0,0,0,0,0,0,0,0,0,0,0,12784,0,0,0,0,0,0,0,0
231,South Asia,0,0,0,0,0,0,0,0,0,0,0,0,0,0,0,0,0,0,0,0,0,0,0,91377,0,0,0,0,0,0,0,0
232,South Asia - World Bank region,2985858,24749999,884633,3029122,3100905,1847748,2537103,205249,20069205,6390707,3327176,22375805,32749802,604595,427150,31666543,365104,4634036,6481163,522452,6608552,288252,3424564,0,70571344,6061853,30659920,8535733,15214565,2258458,2339627,969687
233,South Korea,5844,2196530,20072,162,39111,29741,2780,4041,125935,309564,2374,215693,38693,34316,2506,18152,9216,9919,339017,299,320633,12520,5320,2,2078568,141262,381143,355103,512816,2034,271861,55134
234,South Sudan,70107,100978,6831,166774,8589,18486,120952,222,142093,29058,20434,302252,284275,1335,273,224539,2228,166849,10941,41463,27540,5410,163527,2634,185687,23219,38756,42206,68747,6078,10881,2433
235,South-East Asia Region,2684670,29942742,889606,3047022,3542898,1749639,3474252,218914,22102298,8327432,3172100,22870388,27782395,617365,668317,31726330,357614,5478436,6699212,213367,8564724,305490,4368839,0,83181850,6921746,33443326,10746035,18406398,2132644,3095186,1140989
236,Southeast Asia,703752,13535105,160785,301053,1046380,918205,1394402,65351,6462963,3607697,602935,6710754,5111768,130437,443685,4286772,16509,992918,1094891,151669,4326046,139854,875691,11490,32189770,3105162,6925855,4533240,6830906,322608,1712256,426249
237,"Southeast Asia, East Asia, and Oceania",1228446,76890499,579711,358952,4022716,1758353,1911373,709851,9373431,12411258,887918,15923413,9816516,636013,593154,5301981,219898,2223413,6389138,155107,8308517,934224,2026556,0,136423936,7591361,44798293,9811023,16350642,652975,7332396,2028813
238,Southern Latin America,24088,3069879,34898,123,42188,102958,65646,2916,51326,259211,15058,882663,213468,43660,1810,36603,3206,60900,207782,820,377609,10747,57473,0,3875013,470259,650139,343319,665941,2020,378467,101073
239,Southern sub-Saharan Africa,137527,1781097,95724,133721,86771,761195,7606970,10248,1223765,767939,96958,1476089,1051829,21426,2483,873759,18283,184990,338948,4792,761667,33744,180384,0,2961657,364006,712973,276239,571107,10403,174434,38313
240,Spain,7534,3106706,8187,0,17253,12428,60055,23618,18851,158947,651,330411,25943,12056,487,19990,2643,9970,111994,887,295332,4128,5813,437,3726864,322884,893090,281431,638695,475,658652,132799
241,Sri Lanka,11783,399926,11899,7106,32172,31380,1926,4091,41538,94894,5458,130288,76202,15616,37228,47298,2512,7428,168817,82347,232901,2954,6971,9744,1149526,122796,351548,141622,168215,875,75096,16844
242,Sub-Saharan Africa,0,0,0,0,0,0,0,0,0,0,0,0,0,0,0,0,0,0,0,0,0,0,0,72515,0,0,0,0,0,0,0,0
243,Sub-Saharan Africa - World Bank region,5466427,11144103,692371,21684149,859894,2125834,29056882,49468,13536392,4755324,2869652,23749683,23639529,166446,27217,25516428,158559,5262969,1681946,1516084,3617951,581734,5092728,0,25004831,2767542,4695413,4677040,7911498,608429,1236217,313765
244,Sudan,52004,359195,46951,100763,62584,30941,91233,6526,57869,212125,89630,374139,934503,2487,1059,561001,2039,73456,49750,92787,52868,25388,70646,3493,1887465,106168,214960,111989,171067,67188,62346,15624
245,Suriname,325,13646,331,877,787,1305,3319,74,347,2716,281,3817,5653,334,0,1575,7,523,3554,1,4743,71,493,1,30883,4575,2577,2868,5720,41,2077,439
246,Sweden,1157,710254,3192,0,3473,3904,1379,7706,4000,17048,122,96953,4617,12645,60,11587,2048,2919,45243,27,54982,1180,2339,15,1213946,38049,107028,28633,92419,97,147340,31548
247,Switzerland,1640,516816,1354,0,1957,2354,2901,7601,1793,16295,138,59500,5218,7984,350,4115,329,2181,43897,24,45282,315,1251,23,722513,39494,80707,30449,76720,182,110105,21919
248,Syria,13964,198726,6676,32,7005,9409,541,3186,3975,62106,5786,76767,130737,1464,131,13311,926,5605,9839,365293,41936,3019,4666,14724,1056981,66362,79697,48393,64019,1233,31912,8546
249,Taiwan,4647,1148629,7032,0,26404,17345,3399,8816,43535,160502,856,224209,16447,7659,3693,2137,570,4225,109714,36,266537,6938,3969,35,981658,155473,217564,201363,309002,269,136809,36187
250,Tajikistan,10431,120108,10002,4932,22954,10944,2325,530,22215,17297,2576,157704,90126,5101,2072,67291,309,3510,9728,24266,25178,2965,560,307,535923,6711,50477,45011,59507,3739,15844,5497
251,Tanzania,146489,629238,30282,800489,35519,74764,2465047,2855,638516,140881,133746,1209289,1122254,7021,807,743870,6332,320554,70982,700,168174,27430,309857,72,1155416,124990,162969,215936,350358,19635,66904,14391
252,Thailand,37372,2369108,19719,8593,169256,216116,618532,12339,310507,717056,18064,493505,153777,21987,11807,167298,1244,32140,248729,7044,386466,7720,28794,2506,2572195,509707,666147,431669,707685,8236,335804,69870
253,Timor,1648,14687,413,4928,2363,836,6703,34,9936,3528,3119,25018,21236,173,5,11164,60,6226,1411,5885,3289,143,5925,0,39655,4275,10132,4308,9087,338,1615,461
254,Togo,26855,69820,3893,160123,5130,11226,179709,281,62009,35797,18494,132028,156118,1035,72,224470,964,15414,11797,638,18997,2794,14742,75,163134,20165,28843,29818,50797,3519,7137,1965
255,Tokelau,0,49,0,0,0,0,0,0,0,0,0,25,3,0,0,0,0,0,0,0,30,0,0,0,140,8,34,0,13,0,0,0
256,Tonga,214,3292,90,0,170,87,39,0,181,297,79,1024,595,30,11,111,0,120,141,0,1952,35,116,0,4613,773,1251,560,1096,176,402,126
257,Trinidad and Tobago,660,45289,647,0,1623,8197,8442,168,738,6227,339,8278,6815,670,23,963,30,954,5119,157,40399,106,887,6,103599,11237,6547,4718,11578,87,6467,1471
258,Tropical Latin America,140234,5725519,61577,39987,254836,1784520,457968,15908,230485,1382486,77067,2035472,1704785,230105,6982,540711,3173,340453,353675,667,1358469,8200,318738,0,9802055,851033,1764744,941755,1810286,9065,949283,175342
259,Tunisia,3880,205035,7278,0,6117,2721,2289,2988,4740,76230,3357,53421,79918,843,95,4256,241,1057,11250,489,32349,3064,913,310,769978,53081,61408,30958,49677,2836,46040,9358
260,Turkey,32710,2154475,14509,179,29356,61033,2970,5245,65510,217882,21647,476082,629097,5472,20972,52514,1739,24559,81642,37414,484386,15857,19318,5977,4167836,410468,733091,179133,332312,25245,374548,71753
261,Turkmenistan,3466,80874,6842,12,10055,6628,3951,1061,18010,12755,1915,82139,44678,5519,17,16771,2709,658,12905,1199,14135,1539,298,3,438094,15320,16561,48047,57210,2759,11089,2111
262,Tuvalu,5,345,18,0,30,30,7,0,46,82,5,179,94,0,0,50,0,14,60,0,264,0,14,0,1120,108,248,60,120,0,35,30
263,USSR,0,0,0,0,0,0,0,0,0,0,0,0,0,0,0,0,0,0,0,0,0,0,0,86,0,0,0,0,0,0,0,0
264,Uganda,179942,421210,17217,1265629,22735,50983,2102167,785,491292,135004,56671,564036,949090,5467,822,495526,4228,191830,51080,23456,106337,15581,187486,2373,632868,72223,142817,122997,212761,10912,34155,8228
265,Ukraine,17655,3190335,95014,0,169303,190094,177144,45327,146512,285346,3783,236344,75146,303062,316,3615,120391,7896,444127,9578,95725,81011,3304,2261,13053052,57772,670421,509723,786889,3175,369800,93588
266,United Arab Emirates,1087,63641,3247,0,3354,2157,1866,10129,2125,64581,283,9876,5347,1035,0,1021,203,170,10612,2,16413,688,95,1,113217,18201,24193,6088,9201,963,1653,1182
267,United Kingdom,11589,5182471,15676,0,10098,14156,11315,60456,15093,114375,1762,1241986,61675,38289,408,35656,5628,5004,171611,1646,194850,5964,2994,567,6603062,169923,1293421,243170,829566,680,760163,178912
268,United States,40032,18905315,126712,0,114753,596818,528417,800798,38127,1359744,25206,2248625,429516,309756,10713,199602,40402,133044,1168886,12506,2030632,40259,121030,3535,26438346,2018497,4949052,1514325,3026943,5851,3302609,661288
269,United States Virgin Islands,13,6766,51,0,181,973,333,69,30,523,21,552,314,303,19,30,26,97,248,0,1674,13,93,0,10542,1027,642,794,1331,0,589,261
270,Uruguay,1399,272842,1995,0,3362,5354,4365,275,2664,17244,433,39468,10213,2579,23,3969,191,3202,17501,3,22890,570,2547,1,316537,21596,55096,15006,43042,68,33199,8336
271,Uzbekistan,16674,505008,29237,48,66631,28015,12309,3456,95035,120419,6896,475207,232126,14820,117,35432,4880,3497,83791,855,137009,10520,755,68,2749833,105239,146544,288771,341410,12185,41265,13633
272,Vanuatu,191,4143,93,1247,752,75,248,28,1071,1485,232,2803,2386,73,177,1928,30,361,1171,0,2032,57,356,0,16362,1164,3751,1100,2047,103,331,227
273,Venezuela,11615,641727,4949,3726,20273,266071,46090,1665,23568,175037,12739,124367,154484,5824,31025,61658,268,22554,57960,1047,175790,2607,21347,110,1158991,161667,122198,91720,168365,1109,108735,18573
274,Vietnam,38559,2156232,17380,17311,214356,47981,148839,19959,729683,594980,13167,639832,449614,20059,12527,109700,2967,48613,197601,98,544222,34681,7366,1,5323919,396874,911787,527191,735817,30650,369364,83322
275,Wales,596,279701,830,0,529,739,504,3211,821,5730,84,68744,2714,2082,71,2008,326,288,9243,37,10810,330,180,0,372604,9440,72858,13347,43828,30,40586,9324
276,Wallis and Futuna,0,0,0,0,0,0,0,0,0,0,0,0,0,0,0,0,0,0,0,0,0,0,0,0,0,0,0,0,0,0,0,0
277,West Germany (FRG),0,0,0,0,0,0,0,0,0,0,0,0,0,0,0,0,0,0,0,0,0,0,0,1,0,0,0,0,0,0,0,0
278,Western Europe,62897,33630328,116498,0,130513,143228,241709,248660,165923,1260740,9195,4138677,297073,454997,5418,250407,48498,172763,1628954,13444,2642914,32681,146496,1787,43141896,2328249,6138863,2433968,5623554,9297,5576334,1210155
279,Western Pacific Region,710131,81209443,550341,103851,3600878,1446396,939674,706241,5102219,10454671,409184,15005191,6358336,634405,239489,1845549,269429,895946,6876913,34398,5821598,861840,741953,0,126222364,6771752,40994360,7489708,13417370,396520,9320104,2144285
280,Western Sahara,0,0,0,0,0,0,0,0,0,0,0,0,0,0,0,0,0,0,0,0,0,0,0,0,0,0,0,0,0,0,0,0
281,Western sub-Saharan Africa,3036082,3865010,257129,13037729,301885,607932,5789916,11470,3841522,1396281,1246823,11314694,10739325,59171,6074,13298365,58488,1452243,506718,188624,1230659,218651,1401378,0,9180638,1152385,1573050,1946582,3341816,241234,499706,141611
282,World,10530812,229876132,3605745,25351327,10307437,12778623,36396674,2656936,45870393,36317087,7732400,83821839,76899092,4820904,1499397,66264623,1789272,13799126,23723192,3296444,31482459,2602234,12038586,336547,447979666,28930713,104644807,37499959,65674474,3786122,29785753,7183831
283,World (excluding China),0,0,0,0,0,0,0,0,0,0,0,0,0,0,0,0,0,0,0,0,0,0,0,0,0,0,0,0,0,0,0,0
284,World Bank High Income,166172,77735823,423014,1311,649623,1014677,887898,1176353,657937,4606907,57512,10755075,1193837,1095620,55940,628785,198247,403827,4975336,31967,6563100,149995,342308,0,100146131,6478820,14718060,6337034,12982107,31584,13434010,2621808
285,World Bank Low Income,3262367,7826000,403942,11935699,720231,1024114,14752422,38665,9278006,3048439,2027406,14821454,14867757,110770,286126,14030441,106044,4914413,1096578,1543192,2051342,396706,4772376,0,17749458,1741056,4374370,2896397,4905805,455272,773139,206123
286,World Bank Lower Middle Income,6015299,45992599,1545848,13216436,4549679,3752434,12882833,342552,30391007,12599627,4975355,39941885,48979921,1215330,832311,48355520,579988,6805014,8438372,1118210,12607845,754341,5424057,0,137953168,10677682,39467600,17242404,27968001,2856357,5009110,1672935
287,World Bank Upper Middle Income,1080727,98203249,1230144,189258,4382468,6976916,7841213,1098600,5523636,16041327,666787,18251285,11819141,2397302,315732,3220713,904618,1668762,9203578,600687,10225860,1300094,1493140,0,191891416,10013931,46044978,11003421,19782569,441628,10552529,2678898
288,Yemen,21095,234015,23871,143463,27994,17918,6276,3718,32460,278327,53611,259045,729558,1590,1131,419051,1049,68939,29882,95610,30812,12561,66731,8776,1110837,52119,126525,64136,111536,26532,31045,7188
289,Yugoslavia,0,0,0,0,0,0,0,0,0,0,0,0,0,0,0,0,0,0,0,0,0,0,0,113,0,0,0,0,0,0,0,0
290,Zaire,0,0,0,0,0,0,0,0,0,0,0,0,0,0,0,0,0,0,0,0,0,0,0,293,0,0,0,0,0,0,0,0
291,Zambia,98886,198743,9476,205529,12809,30066,1175563,933,275391,56975,28395,345854,300479,2677,73,348764,2451,95913,29215,159,54098,9056,92915,21,360770,41751,59174,100581,147640,8847,13473,4053
292,Zimbabwe,41238,272787,14718,118728,18169,32741,1836042,2271,273844,67207,29802,326145,251875,1246,1247,140850,978,66723,51764,625,71176,9113,65942,27,408352,49952,71774,55027,108691,3778,20017,5764
